team,xG_for,goals_for,shots,xG_per_shot,finishing_diff,attack_strength
AC Ajaccio,0.6603003825,0,15,0.0440200255,-0.6603003825,0.019487055596475802
AC Milan,61.4407625315,56,599,0.10257222459348915,-5.440762531499999,1.813264973144564
AC Milan W,48.7718546315,41,416,0.11724003517187499,-7.771854631499998,1.4393749692357272
AFC Bournemouth,45.7884857982,43,478,0.09579181129330544,-2.7884857982,1.3513285651140239
AS Monaco,56.084018927,55,454,0.12353308133700441,-1.0840189270000025,1.6551745597455416
AS Roma,59.4724145955,83,592,0.10046015978969594,23.5275854045,1.7551742818794558
AS Roma W,68.6059063085,73,556,0.12339191782104315,4.394093691500004,2.0247256338373383
ATK Mohun Bagan,17.545650212600002,20,168,0.10443839412261906,2.454349787399998,0.5178144223916964
Ajax,5.840510837,5,76,0.07684882680263158,-0.8405108370000001,0.17236755029812273
Albacete,1.1877941696,1,10,0.11877941696000001,-0.18779416960000006,0.03505466850182388
Albania,2.59785759,3,32,0.0811830496875,0.40214241000000017,0.07666903825859382
Algeria,4.945783939,3,47,0.1052294455106383,-1.945783939,0.1459620032666725
Almería,4.1947166155,4,61,0.0687658461557377,-0.19471661549999997,0.12379619649502371
Angel City,38.3760774635,29,309,0.12419442544822007,-9.376077463500003,1.1325705314215635
Angers,38.000556363,41,431,0.08816834422969838,2.999443636999999,1.121487998748499
Angola,7.249451175,9,54,0.13424909583333333,1.750548825,0.21394877518666564
Argentina,48.219838924,50,308,0.1565579185844156,1.7801610759999988,1.423083655362105
Argentina U20,1.949057694,3,19,0.10258198389473684,1.050942306,0.05752138973464387
Argentina Women's,3.9408616530000002,4,42,0.09383003935714286,0.05913834699999976,0.11630432476696398
Arsenal,130.376935406,131,1127,0.11568494712156167,0.6230645939999988,3.8477375692794733
Arsenal WFC,207.860407744,219,1406,0.1478381278406828,11.139592255999986,6.134461571379535
Aston Villa,49.1967268845,39,573,0.08585816210209424,-10.196726884500002,1.4519139733542217
Aston Villa W,30.708927945,26,260,0.11811126132692307,-4.708927944999999,0.9062944714747071
Atalanta,43.1177463784,38,472,0.09135115758135594,-5.1177463784,1.27250860841448
Athletic Club,73.4551632765,75,691,0.10630269649276411,1.5448367234999978,2.1678388935619965
Athletic Club Bilbao,31.7959428345,38,295,0.10778285706610169,6.2040571655,0.9383749005450075
Atletico Madrid W,50.1307151875,53,437,0.11471559539473684,2.8692848124999983,1.4794782190663147
Atlético Madrid,83.3120810625,96,794,0.10492705423488664,12.687918937500001,2.4587402923744883
Augsburg,42.554910778,41,453,0.09394020039293598,-1.554910778,1.255897973425683
Australia,6.267743295,5,60,0.10446238825,-1.2677432949999998,0.18497620975420748
Australia Women's,31.931608946,26,169,0.1889444316331361,-5.931608946000001,0.942378734447615
Austria,9.970812487,11,103,0.09680400472815534,1.029187513,0.2942627059226399
Austria Women's,4.475729179,3,60,0.07459548631666667,-1.475729179,0.13208955447779405
Auxerre,1.615445394,1,24,0.06731022475,-0.615445394,0.047675686763590144
Barcelona,1118.695581647,1369,8401,0.1331621927921676,250.30441835300007,33.01540264530579
Barcelona WFC,110.693207849,133,804,0.13767811921517414,22.306792150999996,3.266823331736772
Bastia,27.6276049429,32,327,0.08448808851039755,4.3723950571,0.8153572037643974
Bayer Leverkusen,127.7827355975,137,1103,0.11585016826609247,9.217264402500007,3.7711764809681148
Bayern Munich,88.6915964025,86,742,0.11953045337264151,-2.6915964024999965,2.61750275456748
Bayern München W,54.422593164,59,366,0.1486956097377049,4.5774068360000015,1.6061418814811181
Belgium,30.3922540914,26,265,0.11468775128830189,-4.392254091400002,0.8969486628781879
Belgium Women's,5.866972919,7,52,0.11282640228846154,1.1330270809999998,0.17314851011095836
Bengaluru,29.7122860585,30,257,0.11561200800972762,0.2877139415000016,0.8768811675198179
Birmingham City,1.228835179,0,11,0.111712289,-1.228835179,0.0362658875971169
Birmingham City WFC,50.663857326,44,511,0.09914649183170254,-6.663857325999999,1.495212528433875
Blackburn Rovers,1.361337397,0,17,0.08007867041176471,-1.361337397,0.04017634737762802
Boca Juniors,2.8956712330000003,5,23,0.12589874926086958,2.1043287669999997,0.08545823658762858
Bochum,0.703281555,0,9,0.078142395,-0.703281555,0.02075553358059876
Bolivia,0.849509426,1,17,0.049971142705882356,0.150490574,0.025071070459651366
Bologna,33.8093336261,33,395,0.08559324968632911,-0.809333626099999,0.997794915031129
Bolton Wanderers,2.84176341,2,31,0.09166978741935485,-0.84176341,0.08386728681427147
Bordeaux,42.3728925395,45,445,0.09521998323483147,2.6271074604999995,1.250526176547734
Borussia Dortmund,72.3845525815,83,551,0.13136942392286752,10.615447418499997,2.136242591805127
Borussia Mönchengladbach,49.858387598,64,473,0.10540885327272727,14.141612402,1.4714411755968742
Brazil,67.9670494895,56,540,0.12586490646203705,-11.967049489499999,2.005871429478248
Brazil Women's,13.553385562999999,12,113,0.11994146515929202,-1.553385562999999,0.39999307131501394
Brighton & Hove Albion WFC,88.7687320545,73,787,0.11279381455463787,-15.768732054500006,2.619779213553167
Bristol City WFC,63.1612000781,61,607,0.10405469535107084,-2.161200078100002,1.8640392313600795
Burkina Faso,5.2572732559999995,4,46,0.11428854904347825,-1.2572732559999995,0.15515480369351045
CD Numancia de Soria,0.449751434,2,10,0.0449751434,1.550248566,0.013273248708064648
CD Sporting de Huelva,22.029431319,20,241,0.09140842870954358,-2.0294313190000004,0.6501416086520263
Caen,8.7809113095,8,106,0.08283878593867924,-0.7809113095000004,0.25914585453984595
Cameroon,6.8575279815,8,65,0.10550043048461538,1.1424720185000004,0.20238217722050006
Cameroon W,4.318213293,3,43,0.10042356495348838,-1.3182132930000003,0.1274408810722321
Canada,19.767138559,12,109,0.18134989503669724,-7.767138558999999,0.5833758972303391
Canada Women's,12.3094737725,5,105,0.11723308354761905,-7.3094737725000005,0.3632822365782413
Cape Verde Islands,10.669551605499999,9,80,0.13336939506874998,-1.6695516054999988,0.31488418125495504
Carpi,42.9438185031,33,434,0.09894889056013824,-9.943818503099997,1.2673755776521543
Celta Vigo,67.7688442755,66,591,0.11466809522081219,-1.7688442755000011,2.000021915943051
Charlotte,0.882619195,1,11,0.08023810863636363,0.11738080500000003,0.02604821953663145
Charlton Athletic,1.9032248345,2,19,0.10016972813157894,0.09677516549999998,0.05616875159465012
Chelsea,63.5882040253,62,572,0.11116818885541958,-1.5882040253000014,1.8766411469117505
Chelsea FCW,221.576266782,222,1581,0.1401494413548387,0.4237332179999953,6.539249626499177
Chennaiyin,20.816620054,16,227,0.09170317204405287,-4.816620054000001,0.6143486253743177
Chicago Red Stars,37.282660968,36,315,0.11835765386666668,-1.2826609680000018,1.1003011755304781
Chievo,40.2995395215,42,431,0.09350241188283064,1.7004604784999984,1.1893365322529468
Chile,1.642694065,0,22,0.07466791204545455,-1.642694065,0.048479860713477374
Chile Women's,2.856028018,1,34,0.08400082405882353,-1.856028018,0.08428826977373226
China PR Women's,5.444196967,3,63,0.08641582487301587,-2.444196967,0.16067137288701167
Cincinnati,1.746769054,1,15,0.11645127026666667,-0.746769054,0.05155136445722329
Clermont Foot,4.769362399,4,29,0.16446077237931037,-0.7693623990000003,0.14075537844937447
Colombia,16.745249707,21,125,0.133961997656,4.254750293000001,0.49419267452443
Colombia Women's,4.8648839995,6,63,0.07722038094444444,1.1351160005,0.14357445108501365
Como W,30.221110768,28,307,0.09844010022149836,-2.221110767999999,0.8918978109531377
Congo DR,24.177088153,19,108,0.22386192734259258,-5.177088153,0.7135241376274797
Costa Adeje Tenerife,36.277515673,34,364,0.09966350459615386,-2.2775156730000035,1.070636915497733
Costa Rica,4.463311858,5,48,0.09298566370833333,0.536688142,0.1317230894096229
Costa Rica Women's,2.668356042,1,23,0.11601548008695653,-1.668356042,0.0787496174767794
Croatia,44.931920653,43,295,0.1523115954338983,-1.9319206529999988,1.3260492633766576
Crystal Palace,47.7015397015,38,477,0.10000322788574424,-9.701539701500003,1.4077873962167944
Czech Republic,10.875673398,9,100,0.10875673398,-1.875673398,0.32096733210046097
Czechoslovakia,2.847249667,1,32,0.08897655209375,-1.8472496669999998,0.08402919948009603
Cádiz,4.443836748,4,23,0.19321029339130433,-0.44383674799999984,0.13114833197895084
Córdoba CF,0.7223808270000001,0,13,0.05556775592307693,-0.7223808270000001,0.021319199126129795
Côte d'Ivoire,13.593638489,13,102,0.13327096557843138,-0.5936384889999999,0.4011810321699099
Darmstadt 98,40.6981277743,39,360,0.11305035492861111,-1.6981277742999978,1.2010998321816966
Denmark,24.7577231205,20,224,0.11052554964508929,-4.7577231205,0.7306600748354676
Denmark Women's,11.07834689,7,108,0.10257728601851852,-4.078346890000001,0.32694871528788616
Deportivo Alavés,7.6924149195,6,66,0.11655174120454545,-1.6924149195,0.227021702819408
Duisburg WFC,14.8687246225,16,178,0.0835321608005618,1.1312753774999997,0.43881189689807004
East Bengal,18.6379129688,18,226,0.08246864145486725,-0.6379129687999985,0.5500497286555531
Ecuador,12.007853599,10,84,0.14295063808333333,-2.0078535990000006,0.3543806983604997
Egypt,16.598683003999998,16,111,0.1495376847207207,-0.598683003999998,0.48986713789647995
Eibar,61.0244220985,53,542,0.11259118468357933,-8.024422098499997,1.8009777635957618
Eintracht Frankfurt,35.1016311317,33,385,0.09117306787454546,-2.101631131700003,1.0359337288289756
Eintracht Frankfurt W,42.0087654763,41,323,0.1300580974498452,-1.008765476299999,1.239779909374763
Elche,1.4893742349999999,0,23,0.06475540152173913,-1.4893742349999999,0.043955023032874914
Empoli,38.0120408046,39,489,0.07773423477423312,0.987959195400002,1.1218269322973577
England,50.875595602,55,348,0.14619424023563218,4.124404398000003,1.5014614352430635
England Women's,68.45916640749999,73,411,0.1665673148600973,4.540833592500007,2.020394985719005
Equatorial Guinea,3.9552391250000003,9,31,0.12758835887096776,5.044760875,0.11672863861506443
Espanyol,64.39294914,52,594,0.10840563828282829,-12.392949139999999,1.900391114663967
Everton,56.9053426925,58,525,0.10839112893809524,1.0946573075000003,1.6794138034370374
Everton LFC,97.5707976182,92,843,0.11574234592906288,-5.570797618200004,2.8795493811157264
FC Heidenheim,0.8770878830000001,2,8,0.10963598537500001,1.1229121169999998,0.02588497718917536
FC Internazionale Milano W,56.4469442945,44,419,0.13471824413961814,-12.4469442945,1.6658853619823462
FC Köln,42.2680734375,38,417,0.10136228642086331,-4.2680734375,1.2474327122360627
FC Levante Badalona,35.2605140645,38,341,0.10340326705131965,2.7394859354999994,1.040622747080157
FC Porto,0.508894113,3,4,0.12722352825,2.491105887,0.015018691697865613
FSV Mainz 05,44.0125262268,47,404,0.1089418966009901,2.9874737732000014,1.2989157181398436
Finland,1.877742247,1,19,0.09882853931578947,-0.877742247,0.05541669902506894
Fiorentina,55.661891191,60,596,0.09339243488422819,4.338108808999998,1.6427165529379408
Fiorentina W,43.3902939055,41,348,0.1246847526020115,-2.390293905500002,1.2805521427725415
France,50.125917527,49,367,0.13658288154495912,-1.1259175269999986,1.479336628542707
France Women's,58.576170681,54,379,0.15455454005540897,-4.576170681000001,1.7287239640351153
Freiburg,1.818422826,3,21,0.08659156314285714,1.181577174,0.053666039952903775
Frosinone,33.5702805436,34,492,0.06823227752764227,0.42971945640000087,0.9907398824540634
Fulham,1.710480988,0,24,0.07127004116666667,-1.710480988,0.05048041617614974
Gambia,3.052672656,2,34,0.08978448988235294,-1.052672656,0.0900917269502164
Gazélec Ajaccio,34.820416312,34,429,0.08116647158974359,-0.820416311999999,1.0276344017783101
Genoa,44.0818528592,44,473,0.09319630625623679,-0.08185285919999785,1.3009617141375747
Georgia,4.575323888,4,30,0.15251079626666666,-0.5753238879999998,0.1350288343613671
German DR,1.7196356295,1,24,0.07165148456249999,-0.7196356294999999,0.0507505917092925
Germany,38.4337586985,27,336,0.11438618660267857,-11.4337586985,1.1342728436768776
Germany Women's,42.555026765,42,316,0.13466780621835445,-0.5550267650000009,1.255901396481579
Getafe,62.8061750308,51,632,0.09937685922594937,-11.806175030799999,1.853561586611969
Ghana,7.478833937,10,50,0.14957667874,2.521166063,0.22071841330052389
Gimnàstic Tarragona,0.82739151,1,11,0.07521741,0.17260849,0.02441831745481696
Girona,4.367928556,3,44,0.09927110354545454,-1.3679285559999999,0.12890809829601496
Goa,32.6733432265,26,312,0.10472225393108975,-6.673343226500002,0.9642691006279125
Granada,48.0378486555,55,508,0.09456269420374015,6.9621513445000005,1.4177126839462628
Granada W,39.409107516,33,341,0.11556923025219941,-6.409107515999999,1.1630577378497648
Guinea,5.895639746,4,43,0.13710790106976745,-1.8956397459999996,0.1739945372621293
Guinea-Bissau,1.5443405590000001,1,34,0.045421781147058825,-0.5443405590000001,0.04557721172170534
Guingamp,42.3630746895,46,397,0.10670799669899245,3.636925310499997,1.2502364281334388
Haiti Women's,1.9269264529999999,0,23,0.083779411,-1.9269264529999999,0.056868243476946516
Hamburger SV,36.832275082,37,375,0.09821940021866667,0.16772491799999756,1.0870092026148788
Hannover 96,33.316932084,30,379,0.08790747251715039,-3.316932084000001,0.9832629588472432
Hellas Verona,46.1569733749,34,469,0.09841572148166311,-12.156973374899998,1.362203521549118
Hertha Berlin,34.3240265475,41,330,0.1040122016590909,6.675973452500003,1.0129847435398749
Hoffenheim,43.099679694,42,400,0.10774919923500001,-1.0996796940000024,1.271975417017538
Hoffenheim W,35.1385914705,38,296,0.11871145767060812,2.8614085294999967,1.0370245175005393
Houston Dash,35.6948098343,23,344,0.1037639820764535,-12.694809834300003,1.0534398618898806
Huesca,3.860687141,3,19,0.20319406005263158,-0.8606871410000001,0.11393818169909392
Hungary,4.881497924,5,50,0.09762995847999999,0.1185020760000004,0.14406476803618876
Hyderabad,33.9313777145,47,297,0.11424706301178451,13.068622285499998,1.0013967302032898
Hércules,1.528171429,2,13,0.11755164838461538,0.4718285710000001,0.04510002172816987
Iceland,5.2942815835,2,36,0.14706337731944444,-3.2942815835,0.15624700862726285
Iceland Women's,10.1630761535,6,74,0.1373388669391892,-4.1630761535000005,0.29993687007211745
Ingolstadt,40.8524387165,33,425,0.09612338521529411,-7.8524387164999965,1.205653919971879
Inter Miami,7.422493739,9,70,0.10603562484285714,1.577506261,0.2190556782789484
Inter Milan,54.7311789066,51,552,0.099150686425,-3.7311789066000003,1.615248990429864
Iran,6.225883562,5,56,0.11117649217857142,-1.225883562,0.18374082815237322
Italy,24.653674896,23,207,0.11909987872463768,-1.6536748959999983,0.7275893609766185
Italy Women's,24.8596705285,20,218,0.11403518591055047,-4.859670528500001,0.7336687885364818
Jamaica,2.097483685,1,28,0.07491013160714285,-1.0974836849999998,0.06190179843231567
Jamaica Women's,5.00276905,2,66,0.07579953106060607,-3.0027690500000004,0.14764377122510366
Jamshedpur,36.3563258175,42,319,0.11396967340909091,5.6436741825,1.0729627927925836
Japan,13.64143745,12,92,0.14827649402173912,-1.6414374499999997,0.40259169470342854
Japan Women's,15.8599934645,17,137,0.11576637565328468,1.1400065354999995,0.4680666293608491
Juventus,66.458132938,75,657,0.10115393141248098,8.541867061999994,1.96133966558892
Juventus W,58.3993133285,65,504,0.11587165342956349,6.6006866715,1.723504477340644
KC Current,31.30066217,29,254,0.12323095342519684,-2.300662169999999,0.923757974520478
Kerala Blasters,31.0201409517,37,298,0.1040944327238255,5.9798590483,0.9154791173186905
Korea Republic Women's,6.325085232,2,71,0.08908570749295774,-4.325085232,0.18666850850784122
Köln,28.7049762265,25,258,0.11125959777713179,-3.7049762265000012,0.847153026783718
LAFC,1.858197127,1,22,0.08446350577272727,-0.858197127,0.05483987543057437
Las Palmas,43.6978252687,45,478,0.09141804449518828,1.3021747312999992,1.2896281344441627
Lazio,53.4466774415,52,520,0.10278207200288461,-1.4466774415000003,1.5773402565754528
Leeds United,0.8145782994999999,1,16,0.050911143718749996,0.18542170050000006,0.024040168733416137
Leganés,7.575029325,7,85,0.08911799205882354,-0.575029325,0.22355737102910064
Leicester City,67.534306366,69,533,0.12670601569606002,1.4656936340000044,1.9931001370026795
Leicester City WFC,32.9336004555,26,269,0.12242974147026021,-6.933600455499999,0.9719499186697038
Lens,3.811786281,3,40,0.09529465702499999,-0.8117862809999998,0.11249499947053375
Levante UD,55.506028801,49,607,0.09144321054530477,-6.506028800999999,1.6381166781842265
Levante UD Femenino,51.0403312645,57,368,0.13869655234918477,5.959668735500003,1.5063231816526375
Lille,49.215953192,44,542,0.09080434168265683,-5.215953192000001,1.4524813880235103
Liverpool,70.631504547,75,725,0.0974227648924138,4.368495452999994,2.0845059195011486
Liverpool WFC,67.048952762,58,600,0.11174825460333333,-9.048952761999999,1.9787761824574952
Lorient,47.1287172257,51,463,0.10178988601663067,3.871282774299999,1.3908820244668005
Lyon,63.6468688365,68,594,0.10714961083585858,4.353131163500002,1.878372486871123
Madrid CFF,53.95948273,60,459,0.11755878590413943,6.040517270000002,1.5924743764881673
Mali,5.9672266295,5,64,0.0932379160859375,-0.9672266294999998,0.176107238716975
Mallorca,9.6459736113,10,106,0.09099975105000001,0.3540263886999995,0.2846759278464322
Manchester City,68.461352476,72,641,0.10680398202184088,3.538647523999998,2.0204595018688156
Manchester City WFC,201.695477936,212,1518,0.13286922130171278,10.304522063999997,5.952519635404862
Manchester United,92.2961667885,81,810,0.11394588492407408,-11.296166788500003,2.723882313590971
Manchester United W,70.214922206,73,576,0.12190090660763889,2.785077794000003,2.0722115706642734
Marseille,11.858540146,10,137,0.08655868719708029,-1.8585401459999993,0.34997409852044464
Mauritania,3.9767191814,3,51,0.07797488590980392,-0.9767191814,0.1173625668458757
Metz,0.560064001,0,4,0.14001600025,-0.560064001,0.016528838411011642
Mexico,15.217223232,6,170,0.08951307783529412,-9.217223232,0.449096930738136
Middlesbrough,1.367086013,1,15,0.09113906753333333,-0.367086013,0.040346002889821805
Mohun Bagan Super Giant,17.10435849,18,170,0.10061387347058823,0.8956415100000008,0.5047908401547577
Montpellier,40.7265912834,49,416,0.09790045981586538,8.273408716600002,1.201939858931647
Morocco,21.480921579,16,163,0.13178479496319018,-5.480921579,0.6339537643286308
Morocco Women's,2.895696582,2,25,0.11582786328,-0.8956965819999998,0.08545898469770907
Mozambique,2.313110307,4,28,0.08261108239285715,1.686889693,0.06826545970278945
Mumbai City,30.5872128725,35,290,0.1054731478362069,4.4127871275,0.9027023663546763
Málaga,53.3295718745,46,557,0.09574429420915619,-7.329571874499997,1.5738841890715303
NJ/NY Gotham FC,48.2618783475,37,420,0.11490923416071429,-11.261878347500001,1.424324340063644
NY Cosmos,2.075976289,2,26,0.07984524188461539,-0.0759762890000002,0.061267063344020586
Namibia,3.8186313335,1,34,0.11231268627941177,-2.8186313335,0.11269701346622957
Nantes,41.0512369,36,484,0.08481660516528926,-5.051236899999999,1.2115209334660637
Napoli,72.0503772539,88,740,0.09736537466743242,15.949622746100005,2.1263802725327134
Napoli W,27.587155655500002,18,293,0.09415411486518772,-9.587155655500002,0.814163447811361
Nashville SC,0.409245405,0,7,0.05846362928571429,-0.409245405,0.012077818173666221
Netherlands,34.822699674,39,273,0.12755567646153845,4.177300326000001,1.0277017892937808
Netherlands Women's,27.9616974925,34,254,0.11008542319881891,6.038302507499999,0.8252170800585377
New York Red Bulls,1.285565842,0,13,0.09888968015384615,-1.285565842,0.03794014618185418
New Zealand Women's,5.4345234725,1,59,0.09211056733050847,-4.4345234725,0.160385884751415
Newcastle United,42.3681081265,45,421,0.10063683640498812,2.6318918735000025,1.2503849769897775
Nigeria,17.310807574,14,125,0.13848646059199998,-3.3108075739999983,0.5108836501611937
Nigeria Women's,10.2549512945,6,87,0.11787300338505746,-4.2549512945,0.3026483269000272
North Carolina Courage,71.349398981,57,528,0.13513143746401513,-14.349398980999993,2.105692714357743
North Macedonia,3.199304821,2,33,0.09694863093939395,-1.1993048210000001,0.09441919551954836
NorthEast United,25.1229972016,24,277,0.09069674080000001,-1.1229972016000005,0.7414401932709546
Northern Ireland W,0.891762179,1,16,0.0557351361875,0.10823782100000001,0.026318051028854896
Norway Women's,29.300428641,26,210,0.13952585067142856,-3.300428641,0.864726262562386
Norwich City,40.9721144655,38,424,0.0966323454375,-2.972114465499999,1.2091858397407016
Nürnberg W,16.1719284655,15,170,0.0951289909735294,-1.1719284654999989,0.47727258299661535
OGC Nice,47.611687836499996,57,440,0.1082083814465909,9.388312163500004,1.4051356511396935
OL Reign,16.611752734,10,105,0.1582071688952381,-6.6117527339999995,0.490252857126532
Odisha,25.3539903855,30,226,0.1121857981659292,4.646009614499999,0.748257358816162
Olympique de Marseille,43.0639226205,39,405,0.10633067313703704,-4.063922620500001,1.270920139604819
Orlando Pride,53.218101552,36,432,0.12319004988888889,-17.218101552,1.570594431213614
Osasuna,12.564071977,10,139,0.09038900702877697,-2.5640719769999993,0.37079604316891734
Palermo,35.640983787,37,416,0.08567544179567309,1.3590162129999968,1.051851325514508
Panama,6.0626502355,7,74,0.08192770588513514,0.9373497645000004,0.17892341929875472
Panama Women's,2.212212941,3,25,0.08848851764000001,0.7877870589999998,0.06528773527177269
Panathinaikos,0.698052243,0,14,0.0498608745,-0.698052243,0.0206012039809558
Paraguay,3.079363395,3,43,0.07161310220930232,-0.07936339500000011,0.09087943498218022
Paris Saint-Germain,188.8623204421,235,1432,0.1318870952807961,46.137679557899986,5.5737822301422515
Peru,5.8987462625,4,75,0.07864995016666666,-1.8987462624999996,0.1740862180506784
Philippines Women's,0.6425583815,1,11,0.05841439831818182,0.3574416185,0.018963446389147
Poland,15.943506711,12,141,0.11307451568085106,-3.9435067109999995,0.4705313065300883
Poland Women's,3.728112811,3,34,0.10965037679411764,-0.7281128109999999,0.11002559371967452
Pomigliano,25.4101534635,21,266,0.0955268927199248,-4.410153463499999,0.7499148665996822
Portland Thorns,57.047179308,56,485,0.11762305011958762,-1.047179307999997,1.683599743783459
Portsmouth,1.9232552083,2,23,0.0836197916652174,0.07674479169999993,0.056759896198233316
Portugal,33.818292424,34,270,0.1252529349037037,0.18170757600000087,0.9980593107476572
Portugal Women's,11.947809729,8,103,0.11599815270873785,-3.9478097289999994,0.3526086590524389
Qatar,1.372200224,1,20,0.0686100112,-0.37220022399999997,0.04049693558156397
RB Leipzig,2.542715628,4,24,0.1059464845,1.4572843720000002,0.07504166606909982
RB Leipzig W,20.1753967195,26,220,0.091706348725,5.8246032805,0.5954245794395735
RC Deportivo La Coruña,52.6859944265,54,599,0.08795658501919867,1.3140055734999976,1.5548906675740413
Racing Louisville FC,34.3597510135,23,327,0.10507569117278288,-11.359751013500002,1.0140390586266854
Racing Santander,7.8416303835,4,81,0.09681025164814815,-3.8416303835,0.23142541076792178
Rayo Vallecano,59.0187652489,55,607,0.09723025576425041,-4.018765248900003,1.7417859963766846
Reading WFC,88.5316234302,76,771,0.11482700834007782,-12.5316234302,2.612781566623683
Real Betis,60.4920559912,63,584,0.10358228765616438,2.5079440088000027,1.7852663567791307
Real Betis Balompié,28.943207217,30,311,0.09306497497427653,1.0567927829999988,0.8541837974446406
Real Madrid,134.9524331495,165,1188,0.11359632419991582,30.047566850500004,3.982771534535633
Real Madrid CF W,66.4606922905,71,518,0.12830249476930503,4.539307709499994,1.9614151982491763
Real Murcia CF,2.0128066785,3,21,0.09584793707142858,0.9871933214999999,0.05940277590084131
Real Sociedad,70.0381661825,66,683,0.10254489924231333,-4.038166182500007,2.0669950744327927
Real Sociedad de Fútbol,37.4160523365,40,381,0.09820486177559055,2.5839476634999983,1.1042378762850769
Real Valladolid,9.1943489099,4,114,0.08065218342017544,-5.1943489099,0.2713473945028617
Real Zaragoza,12.2230781435,11,112,0.10913462628125001,-1.2230781435000004,0.36073249335495083
Recreativo Huelva,4.903111818,2,43,0.11402585623255815,-2.903111818,0.1447026461371216
Rennes,48.954247901,54,469,0.10438005949040512,5.045752098999998,1.4447578341823024
Republic of Ireland Women's,3.734806955,1,28,0.13338596267857142,-2.734806955,0.11022315404184928
River Plate,2.685813194,1,33,0.08138827860606061,-1.685813194,0.0792648201036386
Romania,5.3513206395,6,56,0.09555929713392856,0.6486793605000001,0.15793036863265023
Russia,15.181704394,19,84,0.1807345761190476,3.8182956059999995,0.44804868422916444
SC Delhi,2.2820328895,2,28,0.08150117462499999,-0.28203288949999994,0.06734829021649524
SC Freiburg,27.846401295,24,277,0.10052852453068592,-3.8464012949999997,0.8218144114090995
SD Eibar,23.865221607,21,308,0.07748448573701298,-2.8652216069999987,0.7043202042637384
SGS Essen 19/68,30.588131326,32,279,0.1096348793046595,1.4118686740000008,0.9027294721309133
SV Werder Bremen,32.9867798115,31,247,0.1335497158360324,-1.9867798115,0.973519369626302
Saint-Étienne,46.0057780658,41,457,0.10066909861225383,-5.005778065800001,1.3577413836003218
Sampdoria,40.3619957324,45,439,0.09194076476628701,4.638004267600003,1.1911797655546532
Sampdoria W,28.91035028,24,335,0.08629955307462686,-4.910350279999999,0.8532141100492998
San Diego Wave,32.596078487,30,282,0.11558893080496453,-2.5960784869999998,0.961988831959003
Sassuolo,45.178735952,48,495,0.09127017364040403,2.8212640480000033,1.3333333776694034
Sassuolo W,34.0662933195,38,305,0.1116927649819672,3.933706680500002,1.0053784148503786
Saudi Arabia,6.547113253,5,65,0.10072481927692307,-1.547113253,0.19322109049003094
Schalke 04,46.4795653405,47,486,0.09563696572119341,0.5204346594999976,1.3717239878932728
Scotland,5.666418761,2,58,0.09769687518965517,-3.666418761,0.16722967357741994
Scotland W,3.409771696,5,32,0.1065553655,1.590228304,0.10063058022117924
Seattle Reign,31.563906031,32,289,0.10921766792733563,0.43609396900000164,0.9315269352703046
Seattle Sounders,1.719411668,1,24,0.07164215283333333,-0.719411668,0.05074398206568538
Senegal,17.757647046,21,128,0.138731617546875,3.242352954000001,0.5240709598528762
Serbia,10.1379402885,8,93,0.10901011062903225,-2.1379402884999994,0.2991950501191046
Sevilla,92.580159672,75,750,0.12344021289599999,-17.580159671999994,2.7322636279994446
Sevilla FC,40.194518775,51,384,0.10467322597656249,10.805481225000001,1.1862371169261219
Slovakia,5.934630457,5,74,0.08019770887837838,-0.9346304569999999,0.1751452471104658
Slovenia,5.3031329199999995,2,40,0.132578323,-3.3031329199999995,0.15650823289889743
South Africa,19.300423509999998,17,91,0.21209256604395602,-2.300423509999998,0.5696020113616981
South Africa Women's,6.488200136,6,66,0.09830606266666667,-0.4882001359999997,0.19148242242808916
South Korea,7.779757174,8,82,0.09487508748780488,0.22024282599999978,0.22959938324254944
Southampton,58.334749398999996,57,545,0.10703623742935779,-1.3347493989999961,1.7215990401834975
Soviet Union U20,0.4375957205,1,11,0.039781429136363636,0.5624042794999999,0.01291450430768664
Spain,54.982034117,47,377,0.14584093930238726,-7.982034116999998,1.6226523322441182
Spain Women's,55.20291913,46,463,0.11922876701943844,-9.202919129999998,1.6291711813056047
Sporting Gijón,44.0313178921,43,413,0.10661336051355932,-1.0313178920999988,1.2994703054703325
Stade Brestois,1.544448572,1,13,0.11880373630769231,-0.5444485720000001,0.04558039944564422
Stade Malherbe Caen,32.886726549,30,375,0.08769793746400001,-2.8867265490000023,0.9705665567238405
Stade de Reims,45.2103587745,44,475,0.0951797026831579,-1.2103587745000013,1.3342666433716615
Stoke City,39.33127163,40,425,0.09254416854117647,0.6687283699999966,1.1607606132711903
Strasbourg,3.254987093,3,31,0.10499958364516129,-0.254987093,0.09606251355927717
Sunderland,45.389592816,44,451,0.10064211267405765,-1.3895928159999968,1.339556271886289
Swansea City,42.3610426835,41,448,0.09455589884709822,-1.3610426835000027,1.2501764587392907
Sweden,14.882487751,12,113,0.13170343142477875,-2.8824877509999993,0.4392180799889316
Sweden Women's,59.0099951765,51,357,0.16529410413585433,-8.009995176499999,1.7415271704044855
Switzerland,32.9551589465,35,231,0.14266302574242423,2.044841053500001,0.9725861616945867
Switzerland Women's,11.021816978,10,108,0.10205386090740741,-1.0218169780000004,0.3252803813489642
TSV Bayer 04 Leverkusen,26.700958128,34,256,0.1043006176875,7.299041872,0.7880096230589545
Tanzania,0.64797449,1,12,0.05399787416666666,0.35202551000000004,0.019123288803680277
Tenerife,1.667175273,1,17,0.09806913370588236,-0.667175273,0.04920236016071174
Thailand W,0.766495921,1,13,0.05896122469230769,0.23350407900000003,0.02262114186644277
Torino,50.9523931805,49,478,0.10659496481276151,-1.9523931805000032,1.5037279168650157
Toronto FC,0.942207845,0,8,0.117775980625,-0.942207845,0.027806824205422378
Tottenham Hotspur,65.9920694365,71,693,0.09522665142352092,5.007930563499997,1.9475850084572186
Tottenham Hotspur Women,73.3119233575,61,687,0.10671313443595343,-12.311923357500007,2.1636115383473604
Toulouse,52.0003960435,44,463,0.11231187050431965,-8.000396043499997,1.5346570070152046
Troyes,36.121793083,30,458,0.07886854384934498,-6.121793083,1.0660411665789336
Tunisia,10.5308207745,7,95,0.11085074499473685,-3.5308207745000004,0.3107899000939983
Turkey,10.506677627,9,113,0.09297944802654867,-1.5066776270000002,0.31007737762683707
Udinese,47.964202147099996,34,454,0.10564802235044052,-13.964202147099996,1.4155391979969687
Ukraine,9.4079553895,8,91,0.10338412515934066,-1.4079553894999997,0.27765143650261426
Union Berlin,0.5673936645,0,11,0.05158124222727272,-0.5673936645,0.016745154445218936
United States,8.452179419,6,80,0.1056522427375,-2.452179419,0.2494441842148131
United States Women's,35.173536284,33,223,0.1577288622600897,-2.1735362840000008,1.0380558231631298
Uruguay,26.977803941,28,208,0.12970098048557693,1.0221960589999988,0.796180010192696
Utah Royals,9.353037092,10,87,0.10750617347126436,0.6469629080000008,0.2760306651915416
Valencia,76.8490001175,72,659,0.11661456770485584,-4.8490001174999975,2.267999197809488
Valencia CF,37.9008863175,35,388,0.09768269669458764,-2.900886317500003,1.1185464955032516
Venezuela,10.134966182,10,62,0.16346719648387095,-0.13496618199999943,0.29910727706876056
VfB Stuttgart,58.024048802,52,532,0.10906776090601504,-6.024048802000003,1.712429516784657
VfL Wolfsburg WFC,56.5510093325,66,430,0.13151397519186048,9.448990667499999,1.6689565720481003
Vietnam Women's,0.5463978549999999,0,10,0.054639785499999996,-0.5463978549999999,0.016125517507450667
Villarreal,78.389338343,93,773,0.10140923459637775,14.610661656999994,2.3134582910240757
WNT Finland,3.73356174,4,50,0.0746712348,0.26643826000000015,0.11018640474625946
Wales,6.798000053,4,63,0.10790476274603175,-2.798000053,0.20062536458951158
Wales W,2.5161453799999998,2,17,0.14800855176470587,-0.5161453799999998,0.07425751401692658
Washington Spirit,45.539174085,28,394,0.1155816601142132,-17.539174085,1.3439707756219346
Watford,44.4081113255,36,450,0.09868469183444445,-8.408111325500002,1.3105903877535696
Werder Bremen,51.959255352,49,460,0.11295490293913044,-2.9592553519999996,1.533442846060909
West Bromwich Albion,43.0791425385,32,396,0.10878571348106061,-11.079142538500001,1.2713693160646553
West Ham United,56.2388844358,64,559,0.10060623333774597,7.761115564199997,1.659745014132583
West Ham United LFC,98.1821031265,82,815,0.12046883819202453,-16.182103126499996,2.8975904798980276
Wolfsburg,50.652705691,47,515,0.09835476833203884,-3.6527056910000013,1.4948834168098386
Wolverhampton Wanderers,1.257564796,1,20,0.0628782398,-0.25756479600000004,0.03711376783251031
Xerez,1.126552331,1,15,0.07510348873333333,-0.12655233100000007,0.033247274253300034
Yeovil Town LFC,12.6859905565,10,129,0.09834101206589148,-2.6859905565,0.37439415427096545
Zambia,1.72074448,2,25,0.0688297792,0.27925552,0.05078331655985198
Zambia W,2.728249466,3,25,0.10912997864,0.27175053400000015,0.08051721676080874
