team,xG,goals,shots,xG_diff
AC Ajaccio,0.6603003825,0,15,-0.6603003825
AC Milan,61.4407625315,56,599,-5.440762531499999
AC Milan W,48.7718546315,41,416,-7.771854631499998
AFC Bournemouth,45.7884857982,43,478,-2.7884857982
AS Monaco,56.084018927,55,454,-1.0840189270000025
AS Roma,59.4724145955,83,592,23.5275854045
AS Roma W,68.6059063085,73,556,4.394093691500004
ATK Mohun Bagan,17.545650212600002,20,168,2.454349787399998
Ajax,5.840510837,5,76,-0.8405108370000001
Albacete,1.1877941696,1,10,-0.18779416960000006
Albania,2.59785759,3,32,0.40214241000000017
Algeria,4.945783939,3,47,-1.945783939
Almería,4.1947166155,4,61,-0.19471661549999997
Angel City,38.3760774635,29,309,-9.376077463500003
Angers,38.000556363,41,431,2.999443636999999
Angola,7.249451175,9,54,1.750548825
Argentina,48.219838924,50,308,1.7801610759999988
Argentina U20,1.949057694,3,19,1.050942306
Argentina Women's,3.9408616530000002,4,42,0.05913834699999976
Arsenal,130.376935406,131,1127,0.6230645939999988
Arsenal WFC,207.860407744,219,1406,11.139592255999986
Aston Villa,49.1967268845,39,573,-10.196726884500002
Aston Villa W,30.708927945,26,260,-4.708927944999999
Atalanta,43.1177463784,38,472,-5.1177463784
Athletic Club,73.4551632765,75,691,1.5448367234999978
Athletic Club Bilbao,31.7959428345,38,295,6.2040571655
Atletico Madrid W,50.1307151875,53,437,2.8692848124999983
Atlético Madrid,83.3120810625,96,794,12.687918937500001
Augsburg,42.554910778,41,453,-1.554910778
Australia,6.267743295,5,60,-1.2677432949999998
Australia Women's,31.931608946,26,169,-5.931608946000001
Austria,9.970812487,11,103,1.029187513
Austria Women's,4.475729179,3,60,-1.475729179
Auxerre,1.615445394,1,24,-0.615445394
Barcelona,1118.695581647,1369,8401,250.30441835300007
Barcelona WFC,110.693207849,133,804,22.306792150999996
Bastia,27.6276049429,32,327,4.3723950571
Bayer Leverkusen,127.7827355975,137,1103,9.217264402500007
Bayern Munich,88.6915964025,86,742,-2.6915964024999965
Bayern München W,54.422593164,59,366,4.5774068360000015
Belgium,30.3922540914,26,265,-4.392254091400002
Belgium Women's,5.866972919,7,52,1.1330270809999998
Bengaluru,29.7122860585,30,257,0.2877139415000016
Birmingham City,1.228835179,0,11,-1.228835179
Birmingham City WFC,50.663857326,44,511,-6.663857325999999
Blackburn Rovers,1.361337397,0,17,-1.361337397
Boca Juniors,2.8956712330000003,5,23,2.1043287669999997
Bochum,0.703281555,0,9,-0.703281555
Bolivia,0.849509426,1,17,0.150490574
Bologna,33.8093336261,33,395,-0.809333626099999
Bolton Wanderers,2.84176341,2,31,-0.84176341
Bordeaux,42.3728925395,45,445,2.6271074604999995
Borussia Dortmund,72.3845525815,83,551,10.615447418499997
Borussia Mönchengladbach,49.858387598,64,473,14.141612402
Brazil,67.9670494895,56,540,-11.967049489499999
Brazil Women's,13.553385562999999,12,113,-1.553385562999999
Brighton & Hove Albion WFC,88.7687320545,73,787,-15.768732054500006
Bristol City WFC,63.1612000781,61,607,-2.161200078100002
Burkina Faso,5.2572732559999995,4,46,-1.2572732559999995
CD Numancia de Soria,0.449751434,2,10,1.550248566
CD Sporting de Huelva,22.029431319,20,241,-2.0294313190000004
Caen,8.7809113095,8,106,-0.7809113095000004
Cameroon,6.8575279815,8,65,1.1424720185000004
Cameroon W,4.318213293,3,43,-1.3182132930000003
Canada,19.767138559,12,109,-7.767138558999999
Canada Women's,12.3094737725,5,105,-7.3094737725000005
Cape Verde Islands,10.669551605499999,9,80,-1.6695516054999988
Carpi,42.9438185031,33,434,-9.943818503099997
Celta Vigo,67.7688442755,66,591,-1.7688442755000011
Charlotte,0.882619195,1,11,0.11738080500000003
Charlton Athletic,1.9032248345,2,19,0.09677516549999998
Chelsea,63.5882040253,62,572,-1.5882040253000014
Chelsea FCW,221.576266782,222,1581,0.4237332179999953
Chennaiyin,20.816620054,16,227,-4.816620054000001
Chicago Red Stars,37.282660968,36,315,-1.2826609680000018
Chievo,40.2995395215,42,431,1.7004604784999984
Chile,1.642694065,0,22,-1.642694065
Chile Women's,2.856028018,1,34,-1.856028018
China PR Women's,5.444196967,3,63,-2.444196967
Cincinnati,1.746769054,1,15,-0.746769054
Clermont Foot,4.769362399,4,29,-0.7693623990000003
Colombia,16.745249707,21,125,4.254750293000001
Colombia Women's,4.8648839995,6,63,1.1351160005
Como W,30.221110768,28,307,-2.221110767999999
Congo DR,24.177088153,19,108,-5.177088153
Costa Adeje Tenerife,36.277515673,34,364,-2.2775156730000035
Costa Rica,4.463311858,5,48,0.536688142
Costa Rica Women's,2.668356042,1,23,-1.668356042
Croatia,44.931920653,43,295,-1.9319206529999988
Crystal Palace,47.7015397015,38,477,-9.701539701500003
Czech Republic,10.875673398,9,100,-1.875673398
Czechoslovakia,2.847249667,1,32,-1.8472496669999998
Cádiz,4.443836748,4,23,-0.44383674799999984
Córdoba CF,0.7223808270000001,0,13,-0.7223808270000001
Côte d'Ivoire,13.593638489,13,102,-0.5936384889999999
Darmstadt 98,40.6981277743,39,360,-1.6981277742999978
Denmark,24.7577231205,20,224,-4.7577231205
Denmark Women's,11.07834689,7,108,-4.078346890000001
Deportivo Alavés,7.6924149195,6,66,-1.6924149195
Duisburg WFC,14.8687246225,16,178,1.1312753774999997
East Bengal,18.6379129688,18,226,-0.6379129687999985
Ecuador,12.007853599,10,84,-2.0078535990000006
Egypt,16.598683003999998,16,111,-0.598683003999998
Eibar,61.0244220985,53,542,-8.024422098499997
Eintracht Frankfurt,35.1016311317,33,385,-2.101631131700003
Eintracht Frankfurt W,42.0087654763,41,323,-1.008765476299999
Elche,1.4893742349999999,0,23,-1.4893742349999999
Empoli,38.0120408046,39,489,0.987959195400002
England,50.875595602,55,348,4.124404398000003
England Women's,68.45916640749999,73,411,4.540833592500007
Equatorial Guinea,3.9552391250000003,9,31,5.044760875
Espanyol,64.39294914,52,594,-12.392949139999999
Everton,56.9053426925,58,525,1.0946573075000003
Everton LFC,97.5707976182,92,843,-5.570797618200004
FC Heidenheim,0.8770878830000001,2,8,1.1229121169999998
FC Internazionale Milano W,56.4469442945,44,419,-12.4469442945
FC Köln,42.2680734375,38,417,-4.2680734375
FC Levante Badalona,35.2605140645,38,341,2.7394859354999994
FC Porto,0.508894113,3,4,2.491105887
FSV Mainz 05,44.0125262268,47,404,2.9874737732000014
Finland,1.877742247,1,19,-0.877742247
Fiorentina,55.661891191,60,596,4.338108808999998
Fiorentina W,43.3902939055,41,348,-2.390293905500002
France,50.125917527,49,367,-1.1259175269999986
France Women's,58.576170681,54,379,-4.576170681000001
Freiburg,1.818422826,3,21,1.181577174
Frosinone,33.5702805436,34,492,0.42971945640000087
Fulham,1.710480988,0,24,-1.710480988
Gambia,3.052672656,2,34,-1.052672656
Gazélec Ajaccio,34.820416312,34,429,-0.820416311999999
Genoa,44.0818528592,44,473,-0.08185285919999785
Georgia,4.575323888,4,30,-0.5753238879999998
German DR,1.7196356295,1,24,-0.7196356294999999
Germany,38.4337586985,27,336,-11.4337586985
Germany Women's,42.555026765,42,316,-0.5550267650000009
Getafe,62.8061750308,51,632,-11.806175030799999
Ghana,7.478833937,10,50,2.521166063
Gimnàstic Tarragona,0.82739151,1,11,0.17260849
Girona,4.367928556,3,44,-1.3679285559999999
Goa,32.6733432265,26,312,-6.673343226500002
Granada,48.0378486555,55,508,6.9621513445000005
Granada W,39.409107516,33,341,-6.409107515999999
Guinea,5.895639746,4,43,-1.8956397459999996
Guinea-Bissau,1.5443405590000001,1,34,-0.5443405590000001
Guingamp,42.3630746895,46,397,3.636925310499997
Haiti Women's,1.9269264529999999,0,23,-1.9269264529999999
Hamburger SV,36.832275082,37,375,0.16772491799999756
Hannover 96,33.316932084,30,379,-3.316932084000001
Hellas Verona,46.1569733749,34,469,-12.156973374899998
Hertha Berlin,34.3240265475,41,330,6.675973452500003
Hoffenheim,43.099679694,42,400,-1.0996796940000024
Hoffenheim W,35.1385914705,38,296,2.8614085294999967
Houston Dash,35.6948098343,23,344,-12.694809834300003
Huesca,3.860687141,3,19,-0.8606871410000001
Hungary,4.881497924,5,50,0.1185020760000004
Hyderabad,33.9313777145,47,297,13.068622285499998
Hércules,1.528171429,2,13,0.4718285710000001
Iceland,5.2942815835,2,36,-3.2942815835
Iceland Women's,10.1630761535,6,74,-4.1630761535000005
Ingolstadt,40.8524387165,33,425,-7.8524387164999965
Inter Miami,7.422493739,9,70,1.577506261
Inter Milan,54.7311789066,51,552,-3.7311789066000003
Iran,6.225883562,5,56,-1.225883562
Italy,24.653674896,23,207,-1.6536748959999983
Italy Women's,24.8596705285,20,218,-4.859670528500001
Jamaica,2.097483685,1,28,-1.0974836849999998
Jamaica Women's,5.00276905,2,66,-3.0027690500000004
Jamshedpur,36.3563258175,42,319,5.6436741825
Japan,13.64143745,12,92,-1.6414374499999997
Japan Women's,15.8599934645,17,137,1.1400065354999995
Juventus,66.458132938,75,657,8.541867061999994
Juventus W,58.3993133285,65,504,6.6006866715
KC Current,31.30066217,29,254,-2.300662169999999
Kerala Blasters,31.0201409517,37,298,5.9798590483
Korea Republic Women's,6.325085232,2,71,-4.325085232
Köln,28.7049762265,25,258,-3.7049762265000012
LAFC,1.858197127,1,22,-0.858197127
Las Palmas,43.6978252687,45,478,1.3021747312999992
Lazio,53.4466774415,52,520,-1.4466774415000003
Leeds United,0.8145782994999999,1,16,0.18542170050000006
Leganés,7.575029325,7,85,-0.575029325
Leicester City,67.534306366,69,533,1.4656936340000044
Leicester City WFC,32.9336004555,26,269,-6.933600455499999
Lens,3.811786281,3,40,-0.8117862809999998
Levante UD,55.506028801,49,607,-6.506028800999999
Levante UD Femenino,51.0403312645,57,368,5.959668735500003
Lille,49.215953192,44,542,-5.215953192000001
Liverpool,70.631504547,75,725,4.368495452999994
Liverpool WFC,67.048952762,58,600,-9.048952761999999
Lorient,47.1287172257,51,463,3.871282774299999
Lyon,63.6468688365,68,594,4.353131163500002
Madrid CFF,53.95948273,60,459,6.040517270000002
Mali,5.9672266295,5,64,-0.9672266294999998
Mallorca,9.6459736113,10,106,0.3540263886999995
Manchester City,68.461352476,72,641,3.538647523999998
Manchester City WFC,201.695477936,212,1518,10.304522063999997
Manchester United,92.2961667885,81,810,-11.296166788500003
Manchester United W,70.214922206,73,576,2.785077794000003
Marseille,11.858540146,10,137,-1.8585401459999993
Mauritania,3.9767191814,3,51,-0.9767191814
Metz,0.560064001,0,4,-0.560064001
Mexico,15.217223232,6,170,-9.217223232
Middlesbrough,1.367086013,1,15,-0.367086013
Mohun Bagan Super Giant,17.10435849,18,170,0.8956415100000008
Montpellier,40.7265912834,49,416,8.273408716600002
Morocco,21.480921579,16,163,-5.480921579
Morocco Women's,2.895696582,2,25,-0.8956965819999998
Mozambique,2.313110307,4,28,1.686889693
Mumbai City,30.5872128725,35,290,4.4127871275
Málaga,53.3295718745,46,557,-7.329571874499997
NJ/NY Gotham FC,48.2618783475,37,420,-11.261878347500001
NY Cosmos,2.075976289,2,26,-0.0759762890000002
Namibia,3.8186313335,1,34,-2.8186313335
Nantes,41.0512369,36,484,-5.051236899999999
Napoli,72.0503772539,88,740,15.949622746100005
Napoli W,27.587155655500002,18,293,-9.587155655500002
Nashville SC,0.409245405,0,7,-0.409245405
Netherlands,34.822699674,39,273,4.177300326000001
Netherlands Women's,27.9616974925,34,254,6.038302507499999
New York Red Bulls,1.285565842,0,13,-1.285565842
New Zealand Women's,5.4345234725,1,59,-4.4345234725
Newcastle United,42.3681081265,45,421,2.6318918735000025
Nigeria,17.310807574,14,125,-3.3108075739999983
Nigeria Women's,10.2549512945,6,87,-4.2549512945
North Carolina Courage,71.349398981,57,528,-14.349398980999993
North Macedonia,3.199304821,2,33,-1.1993048210000001
NorthEast United,25.1229972016,24,277,-1.1229972016000005
Northern Ireland W,0.891762179,1,16,0.10823782100000001
Norway Women's,29.300428641,26,210,-3.300428641
Norwich City,40.9721144655,38,424,-2.972114465499999
Nürnberg W,16.1719284655,15,170,-1.1719284654999989
OGC Nice,47.611687836499996,57,440,9.388312163500004
OL Reign,16.611752734,10,105,-6.6117527339999995
Odisha,25.3539903855,30,226,4.646009614499999
Olympique de Marseille,43.0639226205,39,405,-4.063922620500001
Orlando Pride,53.218101552,36,432,-17.218101552
Osasuna,12.564071977,10,139,-2.5640719769999993
Palermo,35.640983787,37,416,1.3590162129999968
Panama,6.0626502355,7,74,0.9373497645000004
Panama Women's,2.212212941,3,25,0.7877870589999998
Panathinaikos,0.698052243,0,14,-0.698052243
Paraguay,3.079363395,3,43,-0.07936339500000011
Paris Saint-Germain,188.8623204421,235,1432,46.137679557899986
Peru,5.8987462625,4,75,-1.8987462624999996
Philippines Women's,0.6425583815,1,11,0.3574416185
Poland,15.943506711,12,141,-3.9435067109999995
Poland Women's,3.728112811,3,34,-0.7281128109999999
Pomigliano,25.4101534635,21,266,-4.410153463499999
Portland Thorns,57.047179308,56,485,-1.047179307999997
Portsmouth,1.9232552083,2,23,0.07674479169999993
Portugal,33.818292424,34,270,0.18170757600000087
Portugal Women's,11.947809729,8,103,-3.9478097289999994
Qatar,1.372200224,1,20,-0.37220022399999997
RB Leipzig,2.542715628,4,24,1.4572843720000002
RB Leipzig W,20.1753967195,26,220,5.8246032805
RC Deportivo La Coruña,52.6859944265,54,599,1.3140055734999976
Racing Louisville FC,34.3597510135,23,327,-11.359751013500002
Racing Santander,7.8416303835,4,81,-3.8416303835
Rayo Vallecano,59.0187652489,55,607,-4.018765248900003
Reading WFC,88.5316234302,76,771,-12.5316234302
Real Betis,60.4920559912,63,584,2.5079440088000027
Real Betis Balompié,28.943207217,30,311,1.0567927829999988
Real Madrid,134.9524331495,165,1188,30.047566850500004
Real Madrid CF W,66.4606922905,71,518,4.539307709499994
Real Murcia CF,2.0128066785,3,21,0.9871933214999999
Real Sociedad,70.0381661825,66,683,-4.038166182500007
Real Sociedad de Fútbol,37.4160523365,40,381,2.5839476634999983
Real Valladolid,9.1943489099,4,114,-5.1943489099
Real Zaragoza,12.2230781435,11,112,-1.2230781435000004
Recreativo Huelva,4.903111818,2,43,-2.903111818
Rennes,48.954247901,54,469,5.045752098999998
Republic of Ireland Women's,3.734806955,1,28,-2.734806955
River Plate,2.685813194,1,33,-1.685813194
Romania,5.3513206395,6,56,0.6486793605000001
Russia,15.181704394,19,84,3.8182956059999995
SC Delhi,2.2820328895,2,28,-0.28203288949999994
SC Freiburg,27.846401295,24,277,-3.8464012949999997
SD Eibar,23.865221607,21,308,-2.8652216069999987
SGS Essen 19/68,30.588131326,32,279,1.4118686740000008
SV Werder Bremen,32.9867798115,31,247,-1.9867798115
Saint-Étienne,46.0057780658,41,457,-5.005778065800001
Sampdoria,40.3619957324,45,439,4.638004267600003
Sampdoria W,28.91035028,24,335,-4.910350279999999
San Diego Wave,32.596078487,30,282,-2.5960784869999998
Sassuolo,45.178735952,48,495,2.8212640480000033
Sassuolo W,34.0662933195,38,305,3.933706680500002
Saudi Arabia,6.547113253,5,65,-1.547113253
Schalke 04,46.4795653405,47,486,0.5204346594999976
Scotland,5.666418761,2,58,-3.666418761
Scotland W,3.409771696,5,32,1.590228304
Seattle Reign,31.563906031,32,289,0.43609396900000164
Seattle Sounders,1.719411668,1,24,-0.719411668
Senegal,17.757647046,21,128,3.242352954000001
Serbia,10.1379402885,8,93,-2.1379402884999994
Sevilla,92.580159672,75,750,-17.580159671999994
Sevilla FC,40.194518775,51,384,10.805481225000001
Slovakia,5.934630457,5,74,-0.9346304569999999
Slovenia,5.3031329199999995,2,40,-3.3031329199999995
South Africa,19.300423509999998,17,91,-2.300423509999998
South Africa Women's,6.488200136,6,66,-0.4882001359999997
South Korea,7.779757174,8,82,0.22024282599999978
Southampton,58.334749398999996,57,545,-1.3347493989999961
Soviet Union U20,0.4375957205,1,11,0.5624042794999999
Spain,54.982034117,47,377,-7.982034116999998
Spain Women's,55.20291913,46,463,-9.202919129999998
Sporting Gijón,44.0313178921,43,413,-1.0313178920999988
Stade Brestois,1.544448572,1,13,-0.5444485720000001
Stade Malherbe Caen,32.886726549,30,375,-2.8867265490000023
Stade de Reims,45.2103587745,44,475,-1.2103587745000013
Stoke City,39.33127163,40,425,0.6687283699999966
Strasbourg,3.254987093,3,31,-0.254987093
Sunderland,45.389592816,44,451,-1.3895928159999968
Swansea City,42.3610426835,41,448,-1.3610426835000027
Sweden,14.882487751,12,113,-2.8824877509999993
Sweden Women's,59.0099951765,51,357,-8.009995176499999
Switzerland,32.9551589465,35,231,2.044841053500001
Switzerland Women's,11.021816978,10,108,-1.0218169780000004
TSV Bayer 04 Leverkusen,26.700958128,34,256,7.299041872
Tanzania,0.64797449,1,12,0.35202551000000004
Tenerife,1.667175273,1,17,-0.667175273
Thailand W,0.766495921,1,13,0.23350407900000003
Torino,50.9523931805,49,478,-1.9523931805000032
Toronto FC,0.942207845,0,8,-0.942207845
Tottenham Hotspur,65.9920694365,71,693,5.007930563499997
Tottenham Hotspur Women,73.3119233575,61,687,-12.311923357500007
Toulouse,52.0003960435,44,463,-8.000396043499997
Troyes,36.121793083,30,458,-6.121793083
Tunisia,10.5308207745,7,95,-3.5308207745000004
Turkey,10.506677627,9,113,-1.5066776270000002
Udinese,47.964202147099996,34,454,-13.964202147099996
Ukraine,9.4079553895,8,91,-1.4079553894999997
Union Berlin,0.5673936645,0,11,-0.5673936645
United States,8.452179419,6,80,-2.452179419
United States Women's,35.173536284,33,223,-2.1735362840000008
Uruguay,26.977803941,28,208,1.0221960589999988
Utah Royals,9.353037092,10,87,0.6469629080000008
Valencia,76.8490001175,72,659,-4.8490001174999975
Valencia CF,37.9008863175,35,388,-2.900886317500003
Venezuela,10.134966182,10,62,-0.13496618199999943
VfB Stuttgart,58.024048802,52,532,-6.024048802000003
VfL Wolfsburg WFC,56.5510093325,66,430,9.448990667499999
Vietnam Women's,0.5463978549999999,0,10,-0.5463978549999999
Villarreal,78.389338343,93,773,14.610661656999994
WNT Finland,3.73356174,4,50,0.26643826000000015
Wales,6.798000053,4,63,-2.798000053
Wales W,2.5161453799999998,2,17,-0.5161453799999998
Washington Spirit,45.539174085,28,394,-17.539174085
Watford,44.4081113255,36,450,-8.408111325500002
Werder Bremen,51.959255352,49,460,-2.9592553519999996
West Bromwich Albion,43.0791425385,32,396,-11.079142538500001
West Ham United,56.2388844358,64,559,7.761115564199997
West Ham United LFC,98.1821031265,82,815,-16.182103126499996
Wolfsburg,50.652705691,47,515,-3.6527056910000013
Wolverhampton Wanderers,1.257564796,1,20,-0.25756479600000004
Xerez,1.126552331,1,15,-0.12655233100000007
Yeovil Town LFC,12.6859905565,10,129,-2.6859905565
Zambia,1.72074448,2,25,0.27925552
Zambia W,2.728249466,3,25,0.27175053400000015
